|Quotes,,
"0|""<strong><span style=""""color: #000000;""""><span style=""""color: #ff0000;"""">à¤®à¤°à¤¾à¤ à¥€</span> </span>à¤ªà¥à¤°à¥‡à¤°à¤£à¤¾à¤¦à¤¾à¤¯à¤• à¤¸à¥à¤µà¤¿à¤šà¤¾à¤° | Motivational Quotes in Marathi :</strong>""",,
1|<strong>à¤ªà¥à¤°à¥‡à¤°à¤£à¤¾à¤¦à¤¾à¤¯à¥€ à¤µà¤¿à¤šà¤¾à¤° à¤®à¤°à¤¾à¤ à¥€</strong>,,
"2|""<strong style=""""color: #000000;"""">à¤®à¤°à¤¾à¤ à¥€ <span aria-hidden=""""false"""" class=""""keyword _ngcontent-btq-105"""">à¤ªà¥à¤°à¥‡à¤°à¤£à¤¾à¤¦à¤¾à¤¯à¤• à¤¸à¥à¤µà¤¿à¤šà¤¾à¤° (<span style=""""color: #ff0000;""""><span style=""""color: #000000;""""><a href=""""https://hindiwebquotes.com/motivational-quotes-in-hindi/"""" rel=""""noopener"""" target=""""_blank"""">Motivational</a> Quotes in Marathi)</span></span></span></strong>""",,
"3|""<strong style=""""color: #000000;""""><span style=""""color: #000000;"""">à¤¸à¤°à¥à¤µà¥‹à¤¤à¥à¤•à¥ƒà¤·à¥à¤Ÿ à¤®à¤°à¤¾à¤ à¥€</span> à¤¸à¥à¤µà¤¿à¤šà¤¾à¤° à¤¸à¤‚à¤—à¥à¤°à¤¹</strong>""",,
4|<strong>à¤§à¥à¤¯à¥‡à¤¯ à¤‰à¤‚à¤š à¤…à¤¸à¤²à¥‡ à¤•à¥€, à¤à¥‡à¤ª à¤¦à¥‡à¤–à¥€à¤² à¤‰à¤‚à¤šà¤š à¤˜à¥à¤¯à¤¾à¤µà¥€ à¤²à¤¾à¤—à¤¤à¥‡.</strong>,
5|<strong>à¤¸à¤‚à¤˜à¤°à¥à¤· à¤µà¤¡à¤¿à¤²à¤¾à¤‚à¤•à¤¡à¥‚à¤¨ à¤†à¤£à¤¿ à¤¸à¤‚à¤¸à¥à¤•à¤¾à¤° à¤†à¤ˆà¤•à¤¡à¥‚à¤¨ à¤¶à¤¿à¤•à¤¾à¤µà¥‡, à¤¬à¤¾à¤•à¥€ à¤¸à¤—à¤³à¤‚ à¤¦à¥à¤¨à¤¿à¤¯à¤¾ à¤¶à¤¿à¤•à¤µà¤¤à¥‡.</strong>,
"6|""<strong><span style=""""color: #ff0000;"""">à¤…à¤œà¥‚à¤¨ à¤µà¤¾à¤šà¤¾ : </span></strong>""",,
"7|""<strong>à¤¤à¥à¤®à¤šà¤¾ à¤†à¤œà¤šà¤¾ à¤¸à¤‚à¤˜à¤°à¥à¤· à¤¤à¥à¤®à¤šà¥‡ à¤‰à¤¦à¥à¤¯à¤¾à¤šà¥‡ à¤¸à¤¾à¤®à¤°à¥à¤¥à¥à¤¯ à¤¨à¤¿à¤°à¥à¤®à¤¾à¤£ à¤•à¤°à¤¤à¥‹<br/>",,
"à¤¤à¥à¤¯à¤¾à¤®à¥à¤³à¥‡ à¤µà¤¿à¤šà¤¾à¤° à¤¬à¤¦à¤²à¤¾ à¤†à¤£à¤¿ à¤¬à¤¦à¤²à¤¾ à¤¤à¥à¤®à¤šà¥‡ à¤†à¤¯à¥à¤·à¥à¤¯ !</strong>""",,
"8|""<strong>à¤ªà¥ˆà¤œ à¤²à¤¾à¤µà¤¾à¤¯à¤šà¥€ à¤¤à¤° à¤¸à¥à¤µà¤¤à¤ƒ à¤¸à¥‹à¤¬à¤¤à¤š à¤²à¤¾à¤µà¤¾ à¤•à¤¾à¤°à¤£ à¤œà¤¿à¤‚à¤•à¤²à¤¾à¤¤ à¤¤à¤°",<br/>,
"à¤¸à¥à¤µà¤¤:à¤šà¤¾ à¤†à¤¤à¥à¤®à¤µà¤¿à¤¶à¥à¤µà¤¾à¤¸ à¤œà¤¿à¤‚à¤•à¤¾à¤² à¤†à¤£à¤¿ à¤¹à¤°à¤²à¤¾à¤¤ à¤¤à¤° à¤¸à¥à¤µà¤¤:à¤šà¤¾à¤š à¤…à¤¹à¤‚à¤•à¤¾à¤° à¤¹à¤°à¤¾à¤².</strong>""",,
9|<strong>à¤…à¤œà¥‚à¤¨ à¤µà¤¾à¤šà¤¾ : </strong>,,
10|<strong>Motivational Quotes in Marathi</strong>,,
11|<strong>à¤…à¤¡à¤šà¤£à¥€à¤¤ à¤…à¤¸à¤¤à¤¾à¤‚à¤¨à¤¾ à¤…à¤¡à¤šà¤£à¥€à¤‚à¤ªà¤¾à¤¸à¥‚à¤¨ à¤¦à¥‚à¤° à¤ªà¤³à¤£à¥‡ à¤®à¥à¤¹à¤£à¤œà¥‡ à¤…à¤œà¥‚à¤¨ à¤®à¥‹à¤ à¥à¤¯à¤¾ à¤…à¤¡à¤šà¤£à¥€à¤¤ à¤œà¤¾à¤£à¥à¤¯à¤¾à¤¸à¤¾à¤°à¤–à¥‡à¤š à¤†à¤¹à¥‡.</strong>,,
12|<strong>à¤•à¤¾à¤¹à¥€à¤¤à¤°à¥€ à¤‰à¤¤à¥à¤¤à¥à¤‚à¤— à¤•à¤°à¤£à¥à¤¯à¤¾à¤šà¥€ à¤œà¤¿à¤¦à¥à¤¦ à¤¬à¤¾à¤—à¤³à¤¾à¤µà¥€, à¤µà¤¿à¤šà¤¾à¤°à¤¾à¤‚à¤µà¤° à¤µà¤¿à¤¶à¥à¤µà¤¾à¤¸ à¤ à¥‡à¤µà¤¾à¤µà¤¾. à¤†à¤£à¤¿ à¤†à¤ªà¤²à¥à¤¯à¤¾ à¤•à¤°à¥à¤¤à¥à¤¤à¥à¤µà¤¾à¤¨à¥‡ à¤¤à¥‡ à¤¸à¤¾à¤§à¥à¤¯ à¤•à¤°à¤¾à¤µà¥‡.</strong>,
"13|""<strong>à¤œà¥à¤¯à¤¾ à¤ªà¤¾à¤¯à¤¾à¤‚à¤¨à¤¾ à¤ªà¥‚à¤°à¥à¤µà¥€à¤ªà¤¾à¤¸à¥‚à¤¨ à¤Šà¤¨-à¤µà¤¾à¤°à¤¾-à¤ªà¤¾à¤Šà¤¸-à¤ªà¤¾à¤£à¥€ à¤¯à¤¾à¤‚à¤šà¥à¤¯à¤¾à¤¶à¥€ à¤¸à¤‚à¤˜à¤°à¥à¤· à¤•à¤°à¤¾à¤¯à¤šà¥€ à¤¸à¤µà¤¯ à¤…à¤¸à¤¤à¥‡",<br/>,
"à¤…à¤¶à¥€ à¤ªà¤¾à¤µà¤²à¥‡ à¤¶à¥‡à¤µà¤Ÿ à¤ªà¤°à¥à¤¯à¤‚à¤¤ à¤•à¤§à¥€à¤¹à¥€ à¤¥à¤•à¤¤ à¤¨à¤¾à¤¹à¥€.</strong>""",,
"14|""<strong><span style=""""color: #ff0000;"""">à¤…à¤œà¥‚à¤¨ à¤µà¤¾à¤šà¤¾ :</span></strong>""",,
15|<strong>à¤œà¤—à¤¾à¤šà¤¾ à¤°à¤¿à¤µà¤¾à¤œ à¤†à¤¹à¥‡ à¤œà¥‹à¤ªà¤°à¥à¤¯à¤‚à¤¤ à¤•à¤¾à¤® à¤†à¤¹à¥‡ à¤¤à¥‹à¤ªà¤°à¥à¤¯à¤‚à¤¤ à¤¨à¤¾à¤µ à¤†à¤¹à¥‡.</strong>,,
16|<strong>à¤¨à¤¾à¤¹à¥€ à¤¤à¤° à¤²à¤¾à¤‚à¤¬à¥‚à¤¨à¤š à¤¸à¤²à¤¾à¤® à¤†à¤¹à¥‡.</strong>,,
17|<strong>à¤®à¥à¤¹à¤£à¥‚à¤¨ à¤œà¥€à¤µà¤¨à¤¾à¤¤ à¤®à¤¾à¤—à¥‡ à¤¬à¤˜à¥‚à¤¨ à¤¶à¤¿à¤•à¤¾à¤¯à¤šà¥‡ à¤†à¤£à¤¿ à¤ªà¥à¤¢à¥‡ à¤¬à¤˜à¥‚à¤¨ à¤šà¤¾à¤²à¤¾à¤¯à¤šà¥‡.</strong>,,
18|<strong>à¤…à¤°à¥à¤§à¥à¤¯à¤¾à¤¤à¤š à¤¹à¤¾à¤° à¤®à¤¾à¤¨à¤£à¤¾à¤°à¥‡ à¤•à¤§à¥€ à¤¯à¤¶à¤¾à¤šà¤‚ à¤¶à¤¿à¤–à¤° à¤ªà¤¾à¤° à¤•à¤°à¥‚ à¤¶à¤•à¤¤ à¤¨à¤¾à¤¹à¥€.</strong>,,
19|<strong>à¤ªà¤‚à¤– à¤¤à¥à¤¯à¤¾à¤‚à¤šà¥‡à¤š à¤®à¤œà¤¬à¥‚à¤¤ à¤…à¤¸à¤¤à¤¾à¤¤ à¤œà¥‡ à¤à¤•à¤Ÿà¥‡ à¤‰à¤¡à¤¤à¤¾à¤¤ à¤†à¤£à¤¿ à¤ªà¥à¤°à¤µà¤¾à¤¹ à¤µà¤¿à¤°à¥à¤¦à¥à¤§ à¤à¥‡à¤ª à¤˜à¥‡à¤¤à¤¾à¤¤.</strong>,,
20|<strong>à¤…à¤œà¥‚à¤¨ à¤µà¤¾à¤šà¤¾ : </strong>,,
21|<strong>à¤®à¤¾à¤£à¤¸à¤¾à¤²à¤¾ à¤¦à¥‹à¤¨à¤š à¤—à¥‹à¤·à¥à¤Ÿà¥€ à¤¹à¥à¤¶à¤¾à¤° à¤¬à¤¨à¤µà¤¤à¤¾à¤¤. à¤à¤• à¤®à¥à¤¹à¤£à¤œà¥‡ à¤µà¤¾à¤šà¤²à¥‡à¤²à¥€ à¤ªà¥à¤¸à¥à¤¤à¤•à¤‚ à¤†à¤£à¤¿ à¤¦à¥à¤¸à¤°à¥€ à¤­à¥‡à¤Ÿà¤²à¥‡à¤²à¥€ à¤®à¤¾à¤£à¤¸à¤‚.</strong>,,
"22|""<strong>à¤œà¤—à¤¾ à¤‡à¤¤à¤•à¤‚ à¤•à¥€ à¤†à¤¯à¥à¤·à¥à¤¯ à¤•à¤®à¥€ à¤ªà¤¡à¥‡à¤²", à¤¹à¤¸à¤¾ à¤‡à¤¤à¤•à¥‡ à¤•à¥€ à¤†à¤¨à¤‚à¤¦ à¤•à¤®à¥€ à¤ªà¤¡à¥‡à¤²,<br/>
à¤•à¤¾à¤¹à¥€ à¤®à¤¿à¤³à¤¾à¤²à¥‡ à¤¤à¤° à¤¨à¤¶à¤¿à¤¬à¤¾à¤šà¤¾ à¤–à¥‡à¤³ à¤†à¤¹à¥‡,<br/>,
"à¤ªà¤£ à¤ªà¥à¤°à¤¯à¤¤à¥à¤¨ à¤‡à¤¤à¤•à¥‡ à¤•à¤°à¤¾ à¤•à¥€ à¤ªà¤°à¤®à¥‡à¤¶à¥à¤µà¤°à¤¾à¤²à¤¾ à¤¦à¥‡à¤£à¥‡ à¤­à¤¾à¤—à¤š à¤ªà¤¡à¥‡à¤².</strong>""",,
23|<strong>Motivational Quotes in Marathi</strong>,,
"24|""<strong>à¤¹à¤°à¤²à¤¾à¤¤ à¤¤à¤°à¥€ à¤šà¤¾à¤²à¥‡à¤² à¤«à¤•à¥à¤¤ à¤œà¤¿à¤‚à¤•à¤£à¤¾à¤±à¥à¤¯à¤¾à¤¨à¥‡ à¤¸à¥à¤µà¤¤à¤ƒà¤¹à¥‚à¤¨ à¤®à¥à¤¹à¤Ÿà¤²à¤‚ à¤ªà¤¾à¤¹à¤¿à¤œà¥‡",<br/>,
"à¤¹à¤¾ à¤–à¥‡à¤³ à¤†à¤¯à¥à¤·à¥à¤¯à¤¾à¤¤à¥€à¤² à¤¸à¤°à¥à¤µà¤¾à¤¤ à¤•à¤ à¥€à¤£ à¤–à¥‡à¤³ à¤¹à¥‹à¤¤à¤¾.</strong>""",,
"25|""<strong><span style=""""color: #ff0000;"""">à¤…à¤œà¥‚à¤¨ à¤µà¤¾à¤šà¤¾ :Â </span></strong>""",,
26|<strong>à¤–à¤±à¥à¤¯à¤¾ à¤µà¤¿à¤¦à¥à¤¯à¤¾à¤°à¥à¤¥à¥à¤¯à¤¾à¤²à¤¾ à¤•à¤§à¥€à¤š à¤¸à¥à¤Ÿà¥à¤Ÿà¥€ à¤¨à¤¸à¤¤à¥‡. à¤¸à¥à¤Ÿà¥à¤Ÿà¥€ à¤¹à¥€ à¤¤à¥à¤¯à¤¾à¤šà¥à¤¯à¤¾à¤¸à¤¾à¤ à¥€ à¤¨à¤µà¤‚ à¤•à¤¾à¤¹à¥€à¤¤à¤°à¥€ à¤¶à¤¿à¤•à¤£à¥à¤¯à¤¾à¤šà¥€ à¤¸à¤‚à¤§à¥€ à¤…à¤¸à¤¤à¥‡.</strong>,,
27|<strong>à¤¤à¥à¤®à¥à¤¹à¥€ à¤†à¤ªà¤²à¥à¤¯à¤¾ à¤•à¤°à¥à¤®à¤¾à¤šà¤¾ à¤ªà¤¡à¤¦à¤¾ à¤•à¤¾à¤šà¥‡à¤¸à¤¾à¤°à¤–à¤¾ à¤¸à¥à¤µà¤šà¥à¤› à¤•à¤°à¤¾à¤² à¤¤à¤° à¤¤à¥à¤¯à¤¾à¤¤à¥‚à¤¨ à¤¤à¥à¤®à¥à¤¹à¤¾à¤²à¤¾ à¤ªà¤°à¤®à¥‡à¤¶à¥à¤µà¤° à¤¦à¤¿à¤¸à¥‡à¤².</strong>,,
28|<strong>à¤¶à¤¬à¥à¤¦à¤¾à¤‚à¤ªà¥‡à¤•à¥à¤·à¤¾ à¤¶à¤¾à¤‚à¤¤ à¤°à¤¾à¤¹à¥‚à¤¨à¤š à¤œà¤¾à¤¸à¥à¤¤ à¤†à¤•à¥à¤°à¤®à¤• à¤¹à¥‹à¤¤à¤¾ à¤¯à¥‡à¤¤.</strong>,,
29|<strong>à¤¯à¤¶à¤¸à¥à¤µà¥€ à¤¹à¥‹à¤£à¥à¤¯à¤¾à¤¸à¤¾à¤ à¥€ à¤¤à¥à¤®à¤šà¥€ à¤¯à¤¶à¤¸à¥à¤µà¥€ à¤¹à¥‹à¤£à¥à¤¯à¤¾à¤šà¥€ à¤‡à¤šà¥à¤›à¤¾ à¤…à¤ªà¤¯à¤¶à¥€ à¤¹à¥‹à¤£à¥à¤¯à¤¾à¤šà¥à¤¯à¤¾ à¤­à¤¿à¤¤à¤¿à¤ªà¥‡à¤•à¥à¤·à¤¾ à¤…à¤§à¤¿à¤• à¤ªà¥à¤°à¤¬à¤³ à¤…à¤¸à¤²à¥€ à¤ªà¤¾à¤¹à¤¿à¤œà¥‡.</strong>,,
30|<strong>Motivational Quotes in Marathi</strong>,,
31|<strong>à¤¤à¥à¤®à¤šà¥‡ à¤•à¤¿à¤¤à¥€à¤¹à¥€ à¤µà¤¯ à¤…à¤¸à¥‡à¤² à¤•à¤¿à¤‚à¤µà¤¾ à¤…à¤¨à¥‡à¤• à¤¸à¤‚à¤§à¥€ à¤¹à¤¾à¤¤à¤¾à¤¤à¥‚à¤¨ à¤—à¥‡à¤²à¥‡à¤²à¥à¤¯à¤¾ à¤…à¤¸à¤¤à¥€à¤² à¤¤à¤°à¥€ à¤¤à¥à¤®à¥à¤¹à¥€ à¤ªà¥à¤¨à¥à¤¹à¤¾ à¤¸à¥à¤°à¥à¤µà¤¾à¤¤ à¤•à¤°à¥‚ à¤¶à¤•à¤¤à¤¾.</strong>,,
32|<strong>à¤¸à¥à¤µà¤ªà¥à¤¨ à¤ªà¤¾à¤¹à¤¤à¤š à¤…à¤¸à¤²à¤¾ à¤¤à¤° à¤®à¥‹à¤ à¤‚à¤š à¤ªà¤¹à¤¾. à¤²à¤¹à¤¾à¤¨ à¤•à¤¶à¤¾à¤²à¤¾ ? à¤•à¤¾à¤°à¤£ à¤®à¥‹à¤ à¥€ à¤¸à¥à¤µà¤ªà¥à¤¨à¥‡à¤š à¤®à¤¾à¤£à¤¸à¤¾à¤šà¤‚ à¤°à¤•à¥à¤¤ à¤¢à¤µà¤³à¥‚ à¤¶à¤•à¤¤à¤¾à¤¤.</strong>,,
33|<strong>Motivational Quotes in Marathi</strong>,,
34|<strong>à¤¤à¥à¤®à¤šà¥à¤¯à¤¾ à¤…à¤ªà¤¯à¤¶à¤¾à¤²à¤¾ à¤•à¤µà¤Ÿà¤¾à¤³à¥‚à¤¨ à¤¬à¤¸à¥‚ à¤¨à¤•à¤¾ à¤¤à¥à¤¯à¤¾à¤šà¤¾ à¤ªà¤¾à¤¸à¥‚à¤¨ à¤¶à¤¿à¤•à¤¾ à¤†à¤£à¤¿ à¤ªà¥à¤¨à¥à¤¹à¤¾ à¤¸à¥à¤°à¥à¤µà¤¾à¤¤ à¤•à¤°à¤¾.</strong>,,
35|<strong>à¤®à¥‹à¤  à¤µà¥à¤¹à¤¾à¤¯à¤šà¤‚ à¤†à¤£à¤¿ à¤¯à¤¶à¤¸à¥à¤µà¥€ à¤µà¥à¤¹à¤¾à¤¯à¤šà¤¯ à¤¤à¤° à¤…à¤ªà¤®à¤¾à¤¨ à¤—à¤¿à¤³à¤¾à¤¯à¤²à¤¾ à¤¶à¤¿à¤•à¤¾. à¤‰à¤¦à¥à¤¯à¤¾ à¤®à¥‹à¤ à¥‡ à¤µà¥à¤¹à¤¾à¤² à¤¤à¥‡à¤µà¥à¤¹à¤¾ à¤¹à¥€à¤š à¤…à¤ªà¤®à¤¾à¤¨ à¤•à¤°à¤£à¤¾à¤°à¥€ à¤²à¥‹à¤• à¤¸à¥à¤µà¤¤à¤ƒà¤šà¤¾ à¤®à¤¾à¤¨ à¤µà¤¾à¤¢à¤µà¤¾à¤¯à¤šà¤¾ à¤¤à¥à¤®à¤šà¥€ à¤“à¤³à¤– à¤¸à¤¾à¤‚à¤—à¤¤à¥€à¤² !</strong>,,
36|<strong>à¤•à¥à¤·à¥‡à¤¤à¥à¤° à¤•à¥‹à¤£à¤¤à¥‡à¤¹à¥€ à¤…à¤¸à¥‹, à¤†à¤¯à¥à¤·à¥à¤¯à¤¾à¤¤ à¤•à¤·à¥à¤Ÿà¤¾à¤²à¤¾ à¤ªà¤°à¥à¤¯à¤¾à¤¯ à¤¨à¤¾à¤¹à¥€ à¤†à¤£à¤¿ à¤•à¤·à¥à¤Ÿ à¤ªà¥à¤°à¤¾à¤®à¤¾à¤£à¤¿à¤• à¤…à¤¸à¤²à¥‡ à¤•à¥€, à¤¯à¤¶à¤¾à¤²à¤¾à¤¹à¥€ à¤ªà¤°à¥à¤¯à¤¾à¤¯ à¤¨à¤¾à¤¹à¥€.</strong>
"37|""<strong>à¤†à¤ªà¤²à¤¾ à¤œà¤¨à¥à¤® à¤¹à¥‹à¤¤à¥‹ à¤¤à¥‡à¤µà¥à¤¹à¤¾ à¤†à¤ªà¤£ à¤°à¤¡à¤¤ à¤…à¤¸à¤¤à¥‹ à¤†à¤£à¤¿ à¤²à¥‹à¤• à¤¹à¤¸à¤¤ à¤…à¤¸à¤¤à¤¾à¤¤",<br/>,
"à¤®à¤°à¤¤à¤¾à¤¨à¤¾ à¤†à¤ªà¤£ à¤…à¤¸à¤‚ à¤®à¤°à¤¾à¤µà¤‚ à¤•à¥€ à¤†à¤ªà¤£ à¤¹à¤¸à¤¤ à¤…à¤¸à¥‚ à¤†à¤£à¤¿ à¤²à¥‹à¤• à¤°à¤¡à¤¤ à¤…à¤¸à¤¤à¥€à¤².</strong>""",,
38|<strong># à¤®à¤°à¤¾à¤ à¥€ à¤ªà¥à¤°à¥‡à¤°à¤£à¤¾à¤¦à¤¾à¤¯à¤• à¤¸à¥à¤µà¤¿à¤šà¤¾à¤°</strong>,,
"39|""<strong>Marathi Suvichar | Marathi Quotes | Marathi Motivational Status</strong>""",,
40|<strong>à¤¯à¤¾à¤‚à¤šà¥‡ +HD à¤«à¥‹à¤Ÿà¥‹ à¤¡à¤¾à¤‰à¤¨à¤²à¥‹à¤¡ à¤•à¤°à¤£à¥à¤¯à¤¾à¤¸à¤¾à¤ à¥€ à¤†à¤£à¤¿ Daily Update à¤®à¤¿à¤³à¤µà¤£à¥à¤¯à¤¾à¤¸à¤¾à¤ à¥€ à¤†à¤®à¤šà¥à¤¯à¤¾ à¤«à¥‡à¤¸à¤¬à¥à¤• à¤ªà¥‡à¤œà¤²à¤¾ à¤²à¤¾à¤ˆà¤• à¤•à¤°à¤¾.</strong>,,
41|<strong>Motivational Quotes in Marathi</strong>,,
42|<strong>à¤¨à¤¾à¤¹à¥€ à¤¹à¤¾ à¤¶à¤¬à¥à¤¦ à¤¤à¥à¤®à¥à¤¹à¤¾à¤²à¤¾ à¤à¤•à¥‚ à¤¯à¥‡à¤¤ à¤¨à¤¾à¤¹à¥€, à¤¤à¥‹à¤ªà¤°à¥à¤¯à¤‚à¤¤ à¤¸à¤—à¤³à¥‡ à¤•à¤¾à¤¹à¥€ à¤¶à¤•à¥à¤¯ à¤†à¤¹à¥‡.</strong>,
43|<strong>à¤‰à¤¦à¥à¤¯à¤¾à¤šà¤¾ à¤­à¤µà¤¿à¤·à¥à¤¯à¤•à¤¾à¤³ à¤µà¤°à¥à¤¤à¤®à¤¾à¤¨à¤¾à¤šà¥à¤¯à¤¾ à¤¤à¥à¤¯à¤¾à¤—à¤¾à¤¤à¥‚à¤¨ à¤¨à¤¿à¤°à¥à¤®à¤¾à¤£ à¤¹à¥‹à¤¤ à¤…à¤¸à¤¤à¥‹.</strong>,,
44|<strong>à¤•à¤£à¤¾à¤¹à¥€à¤¨ à¤šà¤¾à¤‚à¤—à¥à¤²à¤ªà¤£à¤¾à¤ªà¥‡à¤•à¥à¤·à¤¾ à¤•à¤£à¤–à¤° à¤µà¤¾à¤ˆà¤Ÿà¤ªà¤£à¤¾ à¤˜à¥‡à¤£à¥à¤¯à¤¾à¤šà¥€ à¤œà¥à¤¯à¤¾à¤šà¥à¤¯à¤¾à¤¤ à¤§à¤®à¤• à¤…à¤¸à¤¤à¥‡ à¤¤à¥‹ à¤–à¤°à¤¾ à¤¸à¥à¤µà¤¾à¤­à¤¿à¤®à¤¾à¤¨à¥€.</strong>,,
45|<strong>à¤•à¤°à¥à¤®à¤¾à¤²à¤¾ à¤­à¤¿à¤£à¤¾à¤°à¥â€à¤¯à¤¾ à¤®à¤¾à¤£à¤¸à¤¾à¤‚à¤¨à¥€ à¤œà¤—à¤£à¥à¤¯à¤¾à¤¤ à¤…à¤°à¥à¤¥ à¤¨à¤¾à¤¹à¥€, à¤•à¤°à¥à¤®à¤µà¥€à¤°à¤¾à¤‚à¤¨à¥€ à¤œà¤—à¤¾à¤µà¤‚, à¤•à¤°à¥à¤®à¤­à¥€à¤°à¥à¤‚à¤¨à¥€ à¤®à¤°à¤¾à¤µà¤‚.</strong>
46|<strong>à¤–à¤±à¥à¤¯à¤¾ à¤µà¤¿à¤¦à¥à¤¯à¤¾à¤°à¥à¤¥à¥à¤¯à¤¾à¤²à¤¾ à¤•à¤§à¥€à¤š à¤¸à¥à¤Ÿà¥à¤Ÿà¥€ à¤¨à¤¸à¤¤à¥‡, à¤¸à¥à¤Ÿà¥à¤Ÿà¥€ à¤¹à¥€ à¤¤à¥à¤¯à¤¾à¤šà¥à¤¯à¤¾à¤¸à¤¾à¤ à¥€ à¤¨à¤µà¤‚ à¤•à¤¾à¤¹à¥€à¤¤à¤°à¥€ à¤¶à¤¿à¤•à¤£à¥à¤¯à¤¾à¤šà¥€ à¤¸à¤‚à¤§à¥€ à¤…à¤¸à¤¤à¥‡.</strong>,
47|<strong>Marathi Motivational Quotes</strong>,,
"48|""<strong>à¤¸à¤¿à¤‚à¤¹ à¤¬à¤¨à¥à¤¨ à¤œà¤¨à¥à¤®à¤¾à¤²à¤¾ à¤†à¤²à¥‡ à¤¤à¤°à¥€ à¤¸à¥à¤µà¤¤à¤ƒà¤šà¥‡ à¤°à¤¾à¤œà¥à¤¯ à¤¹à¥‡ à¤¸à¥à¤µà¤¤à¤ƒà¤š à¤®à¤¿à¤³à¤µà¤¾à¤µà¥‡ à¤²à¤¾à¤—à¤¤à¥‡",<br/>,
"à¤•à¤¾à¤°à¤£ à¤¹à¥à¤¯à¤¾ à¤œà¤—à¤¾à¤¤ à¤¨à¥à¤¸à¤¤à¥à¤¯à¤¾ à¤¡à¤°à¤•à¤¾à¤³à¥€à¤²à¤¾ à¤®à¤¹à¤¤à¥à¤µ à¤¨à¤¾à¤¹à¥€.</strong>""",,
49|<strong>à¤•à¤¿à¤¤à¥€à¤¹à¥€ à¤®à¥‹à¤ à¤¾ à¤ªà¤¾à¤ à¤¿à¤‚à¤¬à¤¾ à¤…à¤¸à¤²à¤¾ à¤¤à¤°à¥€ à¤¯à¤¶à¤¸à¥à¤µà¥€ à¤¤à¥‹à¤š à¤¹à¥‹à¤¤à¥‹ à¤œà¥à¤¯à¤¾à¤šà¥à¤¯à¤¾ à¤°à¤•à¥à¤¤à¤¾à¤¤à¤š à¤œà¤¿à¤‚à¤•à¤£à¥à¤¯à¤¾à¤šà¥€ à¤¹à¤¿à¤‚à¤®à¤¤ à¤†à¤£à¤¿ à¤²à¤¢à¤£à¥à¤¯à¤¾à¤šà¥€ à¤§à¤®à¤• à¤…à¤¸à¤¤à¥‡.</strong>,,
50|<strong>à¤­à¤µà¤¿à¤·à¥à¤¯à¤¾à¤šà¤¾ à¤…à¤‚à¤¦à¤¾à¤œ à¤˜à¥‡à¤£à¥à¤¯à¤¾à¤šà¤¾ à¤‰à¤¤à¥à¤¤à¤® à¤®à¤¾à¤°à¥à¤— à¤®à¥à¤¹à¤£à¤œà¥‡ à¤¤à¥‹ à¤¤à¤¯à¤¾à¤° à¤•à¤°à¤£à¥‡.</strong>,,
51|<strong>à¤†à¤ªà¤²à¥€ à¤–à¤°à¥€ à¤¸à¥à¤µà¤ªà¥à¤¨ à¤¤à¥€à¤š à¤†à¤¹à¥‡à¤¤ à¤œà¥€ à¤†à¤ªà¤²à¥à¤¯à¤¾à¤²à¤¾ à¤°à¤¾à¤¤à¥à¤°à¥€ à¤‰à¤¶à¤¿à¤°à¤¾à¤ªà¤°à¥à¤¯à¤‚à¤¤ à¤œà¤—à¤£à¥à¤¯à¤¾à¤¸ à¤†à¤£à¤¿ à¤¸à¤•à¤¾à¤³à¥€ à¤²à¤µà¤•à¤° à¤‰à¤ à¤£à¥à¤¯à¤¾à¤¸ à¤­à¤¾à¤— à¤ªà¤¾à¤¡à¤¤à¤¾à¤¤.</strong>,,
52|<strong>à¤¸à¥à¤µà¤¤à¤ƒà¤µà¤° à¤µà¤¿à¤¶à¥à¤µà¤¾à¤¸ à¤…à¤¸à¥‡à¤² à¤¤à¤° à¤…à¤‚à¤§à¤¾à¤°à¤¾à¤¤ à¤¦à¥‡à¤–à¥€à¤² à¤µà¤¾à¤Ÿ à¤¸à¤¾à¤ªà¤¡à¤¤à¥‡.</strong>,,
53|<strong>à¤•à¤¿à¤¤à¥€à¤¹à¥€ à¤®à¥‹à¤ à¥‡ à¤µà¥à¤¹à¤¾ à¤ªà¤£ à¤ªà¤¾à¤¯ à¤œà¤®à¤¿à¤¨à¥€à¤µà¤° à¤…à¤¸à¥‚ à¤¦à¥à¤¯à¤¾ à¤®à¥à¤¹à¤£à¤œà¥‡ à¤•à¥‹à¤£à¥€ à¤†à¤ªà¤²à¥à¤¯à¤¾à¤²à¤¾ à¤–à¤¾à¤²à¥€ à¤–à¥‡à¤šà¥‚ à¤¶à¤•à¤£à¤¾à¤° à¤¨à¤¾à¤¹à¥€.</strong>,,
54|<strong>à¤œà¤° à¤¤à¥à¤®à¥à¤¹à¤¾à¤²à¤¾ à¤†à¤¯à¥à¤·à¥à¤¯à¤¾à¤®à¤§à¥à¤¯à¥‡ à¤–à¥‚à¤ª à¤¸à¤‚à¤˜à¤°à¥à¤· à¤•à¤°à¤¾à¤µà¤¾ à¤²à¤¾à¤—à¤¤ à¤…à¤¸à¥‡à¤², à¤¤à¤° à¤¸à¥à¤µà¤¤:à¤²à¤¾ à¤–à¥‚à¤ª à¤¨à¤¶à¥€à¤¬à¤µà¤¾à¤¨ à¤¸à¤®à¤œà¤¾ à¤•à¤¾à¤°à¤£ à¤¦à¥‡à¤µ à¤¸à¤‚à¤˜à¤°à¥à¤· à¤•à¤°à¤¾à¤¯à¤šà¥€ à¤¸à¤‚à¤§à¥€ à¤«à¤•à¥à¤¤ à¤¤à¥à¤¯à¤¾à¤‚à¤¨à¤¾à¤š à¤¦à¥‡à¤¤à¥‹, à¤œà¥à¤¯à¤¾à¤‚à¤šà¥à¤¯à¤¾à¤®à¤§à¥à¤¯à¥‡ à¤•à¥à¤·à¤®à¤¤à¤¾ à¤…à¤¸à¤¤à¥‡ !</strong>
55|<strong>à¤¤à¥à¤®à¥à¤¹à¥€ à¤—à¤°à¥€à¤¬ à¤®à¥à¤¹à¤£à¥‚à¤¨ à¤œà¤¨à¥à¤®à¤¾à¤²à¤¾ à¤†à¤²à¤¾à¤¤ à¤¯à¤¾à¤¤ à¤¤à¥à¤®à¤šà¤¾ à¤•à¤¾à¤¹à¥€à¤š à¤¦à¥‹à¤· à¤¨à¤¾à¤¹à¥€ à¤ªà¤£ à¤œà¤° à¤¤à¥à¤®à¥à¤¹à¥€ à¤—à¤°à¥€à¤¬ à¤®à¥à¤¹à¤£à¥‚à¤¨ à¤®à¥‡à¤²à¤¾à¤¤ à¤¤à¤° à¤¹à¤¾ à¤¨à¤•à¥à¤•à¥€à¤š à¤¤à¥à¤®à¤šà¤¾ à¤¦à¥‹à¤· à¤…à¤¸à¥‡à¤².</strong>,,
56|<strong>à¤§à¥à¤¯à¥‡à¤¯à¤¾à¤šà¤¾ à¤§à¥à¤¯à¤¾à¤¸ à¤²à¤¾à¤—à¤²à¤¾ à¤®à¥à¤¹à¤£à¤œà¥‡ à¤•à¤¾à¤®à¤¾à¤šà¤¾ à¤¤à¥à¤°à¤¾à¤¸ à¤µà¤¾à¤Ÿà¤¤ à¤¨à¤¾à¤¹à¥€.</strong>,,
57|<strong>à¤†à¤¯à¥à¤·à¥à¤¯ à¤¹à¤¾ à¤¬à¥à¤¦à¥à¤§à¤¿à¤¬à¤³à¤¾à¤šà¤¾ à¤–à¥‡à¤³ à¤†à¤¹à¥‡ à¤œà¤° à¤Ÿà¤¿à¤•à¥‚à¤¨ à¤°à¤¾à¤¹à¤¾à¤¯à¤šà¥‡ à¤…à¤¸à¥‡à¤² à¤¤à¤° à¤šà¤¾à¤²à¥€ à¤°à¤šà¤¤ à¤°à¤¾à¤¹à¤¾à¤µà¥à¤¯à¤¾ à¤²à¤¾à¤—à¤¤à¤¾à¤¤.</strong>,,
58|<strong>Marathi Inspirational Quotes</strong>,,
"59|""<strong>à¤•à¤¾à¤¸à¤µà¤¾à¤šà¥à¤¯à¤¾ à¤—à¤¤à¥€à¤¨à¥‡ à¤•à¤¾ à¤¹à¥‹à¤ˆà¤¨à¤¾ à¤ªà¤£ à¤°à¥‹à¤œ à¤¥à¥‹à¤¡à¥€ à¤¥à¥‹à¤¡à¥€ à¤ªà¥à¤°à¤—à¤¤à¥€ à¤•à¤°à¤¾",<br/>,
"à¤–à¥‚à¤ª à¤¸à¤¸à¥‡ à¤¯à¥‡à¤¤à¥€à¤² à¤†à¤¡à¤µà¥‡. à¤¬à¤¸ à¤¤à¥à¤¯à¤¾à¤‚à¤¨à¤¾ à¤¹à¤°à¤µà¤¾à¤¯à¤šà¥€ à¤¹à¤¿à¤®à¥à¤®à¤¤ à¤ à¥‡à¤µà¤¾.</strong>""",,
"60|""<strong>à¤œà¤° à¤¤à¥à¤®à¥à¤¹à¤¾à¤²à¤¾ à¤¤à¥à¤®à¤šà¥€ à¤¶à¥à¤°à¥€à¤®à¤‚à¤¤à¥€ à¤®à¥‹à¤œà¤¾à¤¯à¤šà¥€ à¤…à¤¸à¥‡à¤² à¤¤à¤° à¤¨à¥‹à¤Ÿà¤¾ à¤®à¥‹à¤œà¥‚ à¤¨à¤•à¤¾.<br/>",,
"à¤•à¤§à¥€ à¤šà¥à¤•à¥‚à¤¨ à¤¡à¥‹à¤³à¥à¤¯à¤¾à¤‚à¤¤ à¤¦à¥‹à¤¨ à¤…à¤¶à¥à¤°à¥‚ à¤†à¤²à¥‡ à¤¤à¤° à¤¤à¥‡ à¤ªà¥à¤¸à¤¾à¤¯à¤²à¤¾ à¤•à¤¿à¤¤à¥€ à¤œà¤¨ à¤¯à¥‡à¤¤à¤¾à¤¤ à¤¤à¥‡ à¤®à¥‹à¤œà¤¾.</strong>""",,
61|<strong>à¤šà¥à¤•à¤¤à¥‹ à¤¤à¥‹ à¤®à¤¾à¤£à¥‚à¤¸ à¤†à¤£à¤¿ à¤šà¥à¤•à¤¾ à¤¸à¥à¤§à¤¾à¤°à¤¤à¥‹ à¤¤à¥‹ à¤¦à¥‡à¤µà¤®à¤¾à¤£à¥‚à¤¸ !</strong>,,
"62|""<strong>à¤¨à¥‡à¤¹à¤®à¥€ à¤¤à¥à¤®à¤šà¥‡ à¤¸à¤°à¥à¤µà¥‹à¤¤à¥à¤¤à¤® à¤ªà¥à¤°à¤¯à¤¤à¥à¤¨ à¤•à¤°à¤¾ à¤†à¤£à¤¿ à¤¹à¥‡ à¤•à¤°à¥‚à¤¨ à¤¦à¥‡à¤–à¥€à¤² à¤¤à¥‡ à¤¤à¥à¤®à¤šà¥€ à¤•à¤¦à¤° à¤•à¤°à¤¤ à¤¨à¤¸à¤¤à¥€à¤²",<br/>,
"à¤¤à¤° à¤¤à¥‹ à¤¤à¥à¤¯à¤¾à¤‚à¤šà¤¾ à¤¦à¥‹à¤· à¤†à¤¹à¥‡ à¤¤à¥à¤®à¤šà¤¾ à¤¨à¤¾à¤¹à¥€.</strong>""",,
63|<strong>à¤¶à¥à¤¨à¥à¤¯à¤¾à¤¤à¥à¤¨ à¤µà¤¿à¤¶à¥à¤µ à¤¨à¤¿à¤°à¥à¤®à¤¾à¤£ à¤•à¤°à¤£à¥à¤¯à¤¾à¤šà¥€ à¤œà¤¿à¤¦à¥à¤§ à¤œà¥à¤¯à¤¾à¤šà¥à¤¯à¤¾ à¤…à¤‚à¤—à¥€ à¤…à¤¸à¤¤à¥‡ à¤¤à¥‹à¤š à¤–à¤°à¤¾ à¤•à¤°à¥à¤¤à¥ƒà¤¤à¥à¤µà¤µà¤¾à¤¨ à¤¹à¥‹à¤¯.</strong>,,
64|<strong>à¤µà¤¿à¤œà¥‡à¤¤à¥‡ à¤µà¥‡à¤—à¤³à¥à¤¯à¤¾ à¤—à¥‹à¤·à¥à¤Ÿà¥€ à¤•à¤°à¤¤ à¤¨à¤¾à¤¹à¥€ à¤¤à¥‡ à¤ªà¥à¤°à¤¤à¥à¤¯à¥‡à¤• à¤—à¥‹à¤·à¥à¤Ÿ à¤µà¥‡à¤—à¤³à¥‡à¤ªà¤£à¤¾à¤¨à¥‡ à¤•à¤°à¤¤à¤¾à¤¤.</strong>,,
65|<strong>à¤•à¤¾à¤°à¤£à¤‚ à¤¸à¤¾à¤‚à¤—à¤£à¤¾à¤°à¥‡ à¤²à¥‹à¤• à¤¯à¤¶à¤¸à¥à¤µà¥€ à¤¹à¥‹à¤¤ à¤¨à¤¾à¤¹à¥€. à¤†à¤£à¤¿ à¤¯à¤¶à¤¸à¥à¤µà¥€ à¤¹à¥‹à¤£à¤¾à¤°à¥‡ à¤²à¥‹à¤•à¤‚ â€œà¤•à¤¾à¤°à¤£à¤‚â€ à¤¸à¤¾à¤‚à¤—à¤¤ à¤¨à¤¾à¤¹à¥€.</strong>,,
"66|""<strong>à¤†à¤¯à¥à¤·à¥à¤¯à¤¾à¤¤ à¤¸à¤‚à¤˜à¤°à¥à¤· à¤œà¤¿à¤¤à¤•à¥à¤¯à¤¾ à¤²à¤µà¤•à¤° à¤¸à¥à¤°à¥‚ à¤¹à¥‹à¤¤à¥‹",<br/>,
à¤¤à¤¿à¤¤à¤•à¥à¤¯à¤¾ à¤²à¤µà¤•à¤° à¤ªà¤°à¤¿à¤ªà¤•à¥à¤µà¤¤à¥‡à¤šà¥à¤¯à¤¾ à¤¦à¤¿à¤¶à¥‡à¤¨à¥‡ à¤¤à¥à¤®à¤šà¤¾ à¤ªà¥à¤°à¤µà¤¾à¤¸ à¤¸à¥à¤°à¥ à¤¹à¥‹à¤¤à¥‹,<br/>,
"à¤¸à¤‚à¤˜à¤°à¥à¤·à¤¾à¤•à¤¡à¥‡ à¤ªà¤¾à¤  à¤«à¤¿à¤°à¤µà¥‚ à¤¨à¤•à¤¾ à¤¤à¤° à¤¤à¥à¤¯à¤¾à¤²à¤¾ à¤¸à¤¹à¤ªà¥à¤°à¤µà¤¾à¤¸à¥€ à¤¬à¤¨à¤µà¤¾.</strong>""",,
67|<strong>à¤¤à¥à¤®à¤šà¥à¤¯à¤¾ à¤…à¤ªà¤¯à¤¶à¤¾à¤²à¤¾ à¤•à¤µà¤Ÿà¤¾à¤³à¥‚à¤¨ à¤¬à¤¸à¥‚ à¤¨à¤•à¤¾ à¤¤à¥à¤¯à¤¾à¤šà¥à¤¯à¤¾ à¤ªà¤¾à¤¸à¥‚à¤¨ à¤¶à¤¿à¤•à¤¾ à¤†à¤£à¤¿ à¤ªà¥à¤¨à¥à¤¹à¤¾ à¤¸à¥à¤°à¤µà¤¾à¤¤ à¤•à¤°à¤¾.</strong>,,
68|<strong>à¤œà¥à¤¯à¤¾à¤‚à¤šà¥à¤¯à¤¾ à¤œà¥à¤¯à¤¾à¤‚à¤šà¥à¤¯à¤¾à¤µà¤° à¤¹à¥‡ à¤œà¤— à¤¹à¤¾à¤¸à¤²à¥‡à¤²à¤‚ à¤†à¤¹à¥‡, à¤¤à¥à¤¯à¤¾à¤‚à¤¨à¥€à¤š à¤‡à¤¤à¤¿à¤¹à¤¾à¤¸ à¤°à¤šà¤²à¥‡à¤²à¤‚ à¤†à¤¹à¥‡.</strong>,
69|<strong>à¤œà¤¿à¤‚à¤•à¤£à¥à¤¯à¤¾à¤šà¥€ à¤®à¤œà¤¾ à¤¤à¥‡à¤µà¥à¤¹à¤¾à¤š à¤¯à¥‡à¤¤à¥‡ à¤œà¥‡à¤µà¥à¤¹à¤¾ à¤¸à¤°à¥à¤µà¤œà¤£ à¤¤à¥à¤®à¤šà¥€ à¤¹à¤°à¤£à¥à¤¯à¤¾à¤šà¥€ à¤µà¤¾à¤Ÿ à¤ªà¤¾à¤¹à¤¤ à¤…à¤¸à¤¤à¤¾à¤¤.</strong>,,
70|<strong>à¤ªà¥à¤°à¤¤à¥à¤¯à¥‡à¤• à¤¦à¤¿à¤µà¤¶à¥€ à¤œà¥€à¤µà¤¨à¤¾à¤¤à¤²à¤¾ à¤¶à¥‡à¤µà¤Ÿà¤šà¤¾ à¤¦à¤¿à¤µà¤¸ à¤®à¥à¤¹à¤£à¥à¤¨ à¤œà¤—à¤¾ à¤†à¤£à¤¿ à¤ªà¥à¤°à¤¤à¥à¤¯à¥‡à¤• à¤¦à¤¿à¤µà¤¶à¥€ à¤œà¥€à¤µà¤¨à¤¾à¤šà¥€ à¤¨à¤µà¥€ à¤¸à¥à¤°à¤µà¤¾à¤¤ à¤•à¤°à¤¾.</strong>,,
71|<strong>à¤‡à¤œà¥à¤œà¤¤ à¤®à¤¾à¤—à¤¾à¤¯à¤šà¥€ à¤¨à¤¸à¤¤à¥‡ à¤•à¤¾à¤® à¤šà¤¾à¤‚à¤—à¤²à¥‡ à¤…à¤¸à¤²à¥‡ à¤•à¥€ à¤¤à¥€ à¤†à¤ªà¥‹à¤†à¤ªà¤š à¤®à¤¿à¤³à¤¤à¥‡.</strong>,,
"72|""<strong>à¤¸à¥‹à¤¬à¤¤ à¤•à¤¿à¤¤à¥€à¤¹à¥€ à¤²à¥‹à¤• à¤…à¤¸à¥ à¤¦à¥à¤¯à¤¾", à¤¶à¥‡à¤µà¤Ÿà¥€ à¤¸à¤‚à¤˜à¤°à¥à¤· à¤¸à¥à¤µà¤¤à¤ƒà¤²à¤¾à¤š à¤•à¤°à¤¾à¤µà¤¾ à¤²à¤¾à¤—à¤¤à¥‹,<br/>
"à¤®à¥à¤¹à¤£à¥‚à¤¨ à¤…à¤¡à¤šà¤£à¥€à¤¤ à¤†à¤§à¤¾à¤° à¤¶à¥‹à¤§à¥‚ à¤¨à¤•à¤¾ à¤¸à¥à¤µà¤¤à¤ƒà¤²à¤¾à¤š à¤­à¤•à¥à¤•à¤® à¤¬à¤¨à¤µà¤¾.</strong>""",,
73|<strong>à¤•à¥à¤£à¥€à¤¹à¥€ à¤šà¥‹à¤°à¥‚ à¤¶à¤•à¤¤ à¤¨à¤¾à¤¹à¥€ à¤…à¤¶à¥€ à¤¸à¤‚à¤ªà¤¤à¥à¤¤à¥€ à¤•à¤®à¤¾à¤µà¤£à¥à¤¯à¤¾à¤šà¤¾ à¤ªà¥à¤°à¤¯à¤¤à¥à¤¨ à¤•à¤°à¤¾.</strong>,,
74|<strong>à¤¨à¤¶à¤¿à¤¬à¤¾à¤µà¤° à¤¤à¥à¤®à¤šà¤¾ à¤­à¤°à¥‹à¤¸à¤¾ à¤«à¤•à¥à¤¤ à¥§% à¤ªà¤¾à¤¹à¤¿à¤œà¥‡ à¤†à¤£à¤¿ à¤•à¤·à¥à¤Ÿà¤¾à¤µà¤° à¥¯à¥¯% à¤ªà¤¾à¤¹à¤¿à¤œà¥‡.</strong>,,
75|<strong>à¤†à¤¯à¥à¤·à¥à¤¯à¤¾à¤¤à¥€à¤² à¤¸à¤°à¥à¤µà¤¾à¤¤ à¤®à¥‹à¤ à¤¾ à¤†à¤¨à¤‚à¤¦ à¤®à¥à¤¹à¤£à¤œà¥‡, à¤œà¥‡ à¤¤à¥à¤®à¥à¤¹à¤¾à¤²à¤¾ à¤œà¤®à¤£à¤¾à¤° à¤¨à¤¾à¤¹à¥€,</strong>
76|<strong>à¤…à¤¸à¤‚ à¤²à¥‹à¤•à¤¾à¤‚à¤¨à¤¾ à¤µà¤¾à¤Ÿà¤¤à¤‚, à¤¤à¥‡ à¤¸à¤¾à¤§à¥à¤¯ à¤•à¤°à¥‚à¤¨ à¤¦à¤¾à¤–à¤µà¤£à¤‚.</strong>,
77|<strong>à¤œà¥à¤¯à¤¾ à¤¦à¤¿à¤µà¤¶à¥€ à¤†à¤ªà¤²à¥€ à¤¥à¥‹à¤¡à¥€à¤¹à¥€ à¤ªà¥à¤°à¤—à¤¤à¥€ à¤à¤¾à¤²à¥€ à¤¨à¤¾à¤¹à¥€ à¤¤à¥‹ à¤¦à¤¿à¤µà¤¸ à¤«à¥à¤•à¤Ÿ à¤—à¥‡à¤²à¤¾ à¤…à¤¸à¤‚ à¤¸à¤®à¤œà¤¾.</strong>,,
78|<strong>à¤œà¥‡à¤‚à¤µà¥à¤¹à¤¾ à¤²à¥‹à¤• à¤¤à¥à¤®à¤šà¥à¤¯à¤¾ à¤®à¤¾à¤—à¥‡ à¤¬à¥‹à¤²à¤¤à¤¾à¤¤ à¤¤à¥‡à¤‚à¤µà¥à¤¹à¤¾ à¤¸à¤®à¤œà¥‚à¤¨ à¤˜à¥à¤¯à¤¾à¤µà¤‚ à¤•à¥€, à¤¤à¥à¤®à¥à¤¹à¥€ à¤¤à¥à¤¯à¤¾à¤‚à¤šà¥à¤¯à¤¾ à¤¦à¥‹à¤¨ à¤ªà¤¾à¤Šà¤²à¥‡ à¤ªà¥à¤¢à¥‡ à¤†à¤¹à¤¾à¤¤..!!</strong>,
79|<strong>à¤‡à¤¤à¤•à¥‡ à¤œà¤¿à¤¦à¥à¤¦à¥€ à¤¬à¤¨à¤¾ à¤•à¥€ à¤¤à¥à¤®à¤šà¥à¤¯à¤¾ à¤§à¥à¤¯à¥‡à¤¯à¤¾à¤ªà¥à¤¢à¥‡ à¤¤à¥à¤®à¥à¤¹à¤¾à¤²à¤¾ à¤•à¤¾à¤¹à¥€à¤¹à¥€ à¤¦à¤¿à¤¸à¤£à¤¾à¤° à¤¨à¤¾à¤¹à¥€.</strong>,,
80|<strong>à¤œà¥à¤¯à¤¾ à¤¦à¤¿à¤µà¤¶à¥€ à¤¹à¤¾à¤° à¤®à¤¾à¤¨à¤¾à¤¯à¤šà¤¾ à¤µà¤¿à¤šà¤¾à¤° à¤®à¤¨à¤¾à¤¤ à¤†à¤²à¤¾ à¤¤à¥à¤¯à¤¾ à¤¦à¤¿à¤µà¤¶à¥€ à¤«à¤•à¥à¤¤ à¤à¤µà¤¢à¤¾ à¤†à¤ à¤µà¤¾ à¤•à¥€, à¤†à¤ªà¤£ à¤¸à¥à¤°à¥à¤µà¤¾à¤¤ à¤•à¤¾ à¤•à¥‡à¤²à¥€ à¤¹à¥‹à¤¤à¥€.</strong>,
81|<strong>à¤¶à¥‡à¤µà¤Ÿà¤ªà¤°à¥à¤¯à¤‚à¤¤ à¤²à¤¢à¤¾ à¤¦à¥à¤¯à¤¾ à¤•à¤¾à¤°à¤£ à¤µà¤¿à¤œà¤¯ à¤«à¤•à¥à¤¤ à¤¤à¥à¤¯à¤¾à¤šà¤¾à¤š à¤¹à¥‹à¤¤à¥‹ à¤œà¥‹ à¤¶à¥‡à¤µà¤Ÿà¤ªà¤°à¥à¤¯à¤‚à¤¤ à¤²à¤¢à¤¾ à¤¦à¥‡à¤¤à¥‹.</strong>,,
82|<strong>à¤¤à¥à¤®à¤šà¥à¤¯à¤¾ à¤¨à¤¿à¤°à¥à¤£à¤¯à¤¾à¤µà¤° à¤¤à¥à¤®à¤šà¥€ à¤­à¥€à¤¤à¥€ à¤¨à¤¾à¤¹à¥€ à¤¤à¤° à¤¤à¥à¤®à¤šà¤¾ à¤µà¤¿à¤¶à¥à¤µà¤¾à¤¸ à¤¦à¤¿à¤¸à¤²à¤¾ à¤ªà¤¾à¤¹à¤¿à¤œà¥‡.</strong>,,
83|<strong>Life à¤®à¤§à¥à¤¯à¥‡ à¤•à¤¾à¤¹à¥€ à¤¶à¤¿à¤•à¤²à¥‹ à¤¨à¤¾à¤¹à¥€, à¤ªà¤£ life à¤¨à¥‡ à¤–à¥‚à¤ª à¤•à¤¾à¤¹à¥€ à¤¶à¤¿à¤•à¤µà¤²à¥‡.</strong>,
84|<strong>à¤¸à¥à¤µà¤ªà¥à¤¨ à¤®à¥‹à¤«à¤¤à¤š à¤…à¤¸à¤¤à¤¾à¤¤, à¤«à¤•à¥à¤¤ à¤¤à¥à¤¯à¤¾à¤‚à¤šà¤¾ à¤ªà¤¾à¤ à¤²à¤¾à¤— à¤•à¤°à¤¤à¤¾à¤‚à¤¨à¤¾ à¤†à¤¯à¥à¤·à¥à¤¯à¤¾à¤¤ à¤¬à¤°à¥€à¤š à¤•à¤¿à¤‚à¤®à¤¤ à¤®à¥‹à¤œà¤¾à¤µà¥€ à¤²à¤¾à¤—à¤¤à¥‡.</strong>,
85|<strong>à¤¸à¤‚à¤¯à¤® à¤ à¥‡à¤µà¤¾ à¤•à¤§à¥€ à¤•à¤§à¥€ à¤šà¤¾à¤‚à¤—à¤²à¤‚ à¤˜à¤¡à¤£à¥à¤¯à¤¾à¤¸à¤¾à¤ à¥€ à¤¤à¥à¤®à¥à¤¹à¤¾à¤²à¤¾ à¤µà¤¾à¤ˆà¤Ÿ à¤ªà¤°à¤¿à¤¸à¥à¤¥à¤¿à¤¤à¥€à¤¤à¥‚à¤¨ à¤œà¤¾à¤µà¥‡à¤š à¤²à¤¾à¤—à¤¤à¥‡.</strong>,,
86|<strong>à¤°à¤¾à¤œà¤¾ à¤¸à¤¾à¤°à¤–à¤¾ à¤†à¤¯à¥à¤·à¥à¤¯ à¤œà¤—à¤£à¥à¤¯à¤¾à¤¸à¤¾à¤ à¥€ à¤—à¥à¤²à¤¾à¤®à¥€ à¤¸à¤¾à¤°à¤–à¥€ à¤®à¥‡à¤¹à¤¨à¤¤ à¤¸à¥à¤¦à¥à¤§à¤¾ à¤•à¤°à¤¾à¤µà¥€ à¤²à¤¾à¤—à¤¤à¥‡.</strong>,,
87|<strong>à¤œà¥€à¤µà¤¨à¤¾à¤¤ Struggle à¤•à¥‡à¤²à¥à¤¯à¤¾à¤¶à¤¿à¤µà¤¾à¤¯ à¤®à¤¾à¤£à¥‚à¤¸ Google à¤µà¤° à¤¯à¥‡à¤¤ à¤¨à¤¾à¤¹à¥€.</strong>,,
"88|""<strong>à¤†à¤¯à¥à¤·à¥à¤¯ à¤œà¤—à¤£à¥à¤¯à¤¾à¤¸à¤¾à¤ à¥€ à¤¨à¥à¤¸à¤¤à¥‡ à¤µà¤¿à¤šà¤¾à¤° à¤…à¤¸à¥à¤¨ à¤šà¤¾à¤²à¤¤ à¤¨à¤¾à¤¹à¥€",<br/>,
à¤¸à¥à¤µà¤¿à¤šà¤¾à¤° à¤ªà¤£ à¤…à¤¸à¤¾à¤µà¥‡ à¤²à¤¾à¤—à¤¤à¤¾à¤¤.<br/>,,
à¤†à¤ªà¤£ à¤•à¤¸à¥‡ à¤¦à¤¿à¤¸à¤¤à¥‹," à¤¹à¥à¤¯à¤¾à¤ªà¥‡à¤•à¥à¤·à¤¾ à¤•à¤¸à¥‡ à¤µà¤¾à¤—à¤¤à¥‹ à¤¯à¤¾à¤²à¤¾ à¤…à¤§à¤¿à¤• à¤®à¤¹à¤¤à¥à¤¤à¥à¤µ à¤†à¤¹à¥‡.</strong>""",
89|<strong>à¤†à¤¯à¥à¤·à¥à¤¯à¤¾à¤¤ à¤¸à¤®à¥‹à¤° à¤†à¤²à¥‡à¤²à¥€, à¤†à¤µà¥à¤¹à¤¾à¤¨à¥‡ à¤œà¤°à¥‚à¤° à¤¸à¥à¤µà¥€à¤•à¤¾à¤°à¤¾.</strong>,
90|<strong>à¤•à¤¾à¤°à¤£ à¤¤à¥à¤¯à¤¾à¤¤à¥à¤¨ à¤¤à¥à¤®à¥à¤¹à¤¾à¤²à¤¾, à¤à¤• à¤¤à¤° à¤µà¤¿à¤œà¤¯ à¤ªà¥à¤°à¤¾à¤ªà¥à¤¤à¥€ à¤®à¤¿à¤³à¥‡à¤²,</strong>
91|<strong>à¤•à¤¿à¤‚à¤µà¤¾ à¤ªà¤°à¤¾à¤œà¤¯à¤¾à¤¤à¥à¤¨ à¤…à¤¨à¥à¤­à¤µ à¤®à¤¿à¤³à¥‡à¤².</strong>,,
92|<strong>à¤œà¥€à¤µà¤¨à¤¾à¤¤ à¤¸à¤‚à¤˜à¤°à¥à¤· à¤¯à¤¾ à¤¶à¤¬à¥à¤¦à¤¾à¤²à¤¾ à¤®à¤¹à¤¤à¥à¤µ à¤¨à¤¾à¤¹à¥€, à¤¸à¤‚à¤˜à¤°à¥à¤· à¤•à¤°à¤£à¤¾à¤±à¥à¤¯à¤¾à¤²à¤¾ à¤®à¤¹à¤¤à¥à¤µ à¤†à¤¹à¥‡.</strong>,
93|<strong>à¤ªà¤°à¤¿à¤¸à¥à¤¥à¤¿à¤¤à¥€ à¤•à¤¶à¥€à¤¹à¥€ à¤…à¤¸à¥‚ à¤¦à¥à¤¯à¤¾ à¤¤à¥à¤®à¥à¤¹à¥€ à¤«à¤•à¥à¤¤ à¤²à¤¢à¤¾à¤¯à¤²à¤¾ à¤¶à¤¿à¤•à¤¾ à¤¯à¤¶ à¤¨à¤•à¥à¤•à¥€ à¤®à¤¿à¤³à¥‡à¤².</strong>,,
94|<strong>à¤¸à¤¿à¤‚à¤¹ à¤¬à¤¨à¤¾ à¤¸à¤¿à¤‚à¤¹à¤¾à¤¸à¤¨à¤¾à¤šà¥€ à¤šà¤¿à¤‚à¤¤à¤¾ à¤•à¤°à¥‚ à¤¨à¤•à¤¾, à¤¤à¥à¤®à¥à¤¹à¥€ à¤œà¤¿à¤¥à¥‡ à¤¬à¤¸à¤£à¤¾à¤° à¤¤à¥‹à¤š à¤¸à¤¿à¤‚à¤¹à¤¾à¤¸à¤¨ à¤¬à¤¨à¥‡à¤².</strong>,
95|<strong>à¤†à¤¯à¥à¤·à¥à¤¯à¤¾à¤¤ à¤ªà¥à¤°à¤¤à¥à¤¯à¥‡à¤• à¤•à¥à¤·à¤£à¤¾à¤šà¤¾ à¤†à¤¨à¤‚à¤¦ à¤˜à¥à¤¯à¤¾ à¤•à¤¾à¤°à¤£ à¤‡à¤¥à¤‚ à¤ªà¥à¤¨à¥à¤¹à¤¾ Once More à¤¨à¤¸à¤¤à¥‹.</strong>,,
96|<strong>à¤–à¥‚à¤ª à¤®à¤¾à¤£à¤¸à¤¾à¤‚à¤šà¥€ à¤¸à¥à¤µà¤ªà¥à¤¨à¥‡ à¤¯à¤¾ à¤à¤•à¤¾ à¤µà¤¿à¤šà¤¾à¤°à¤¾à¤®à¥à¤³à¥‡ à¤…à¤ªà¥‚à¤°à¥à¤£ à¤°à¤¾à¤¹à¤¤à¤¾à¤¤, à¤¤à¥‡ à¤®à¥à¤¹à¤£à¤œà¥‡ â€œà¤²à¥‹à¤• à¤•à¤¾à¤¯ à¤®à¥à¤¹à¤£à¤¤à¥€à¤²â€.</strong>,
97|<strong>à¤¦à¥à¤¸à¤±à¥à¤¯à¤¾à¤¸à¤¾à¤ à¥€ à¤•à¤¾à¤® à¤•à¤°à¤£à¥à¤¯à¤¾à¤ªà¥‡à¤•à¥à¤·à¤¾ à¤¸à¥à¤µà¤¤:à¤šà¤‚ à¤¸à¤¾à¤®à¥à¤°à¤¾à¤œà¥à¤¯ à¤¨à¤¿à¤°à¥à¤®à¤¾à¤£ à¤•à¤°à¤£à¥‡ à¤•à¥‡à¤µà¥à¤¹à¤¾à¤¹à¥€ à¤šà¤¾à¤‚à¤—à¤²à¥‡à¤š.</strong>,,
"98|""<strong>à¤œà¤¿à¤‚à¤•à¤£à¥‡ à¤®à¥à¤¹à¤£à¤œà¥‡ à¤¨à¥‡à¤¹à¤®à¥€ à¤«à¤•à¥à¤¤ à¤ªà¤¹à¤¿à¤²à¤¾ à¤¯à¥‡à¤£à¥‡ à¤…à¤¸à¥‡ à¤¨à¤¾à¤¹à¥€ à¤¤à¤°",<br/>,
"à¤à¤–à¤¾à¤¦à¥€ à¤—à¥‹à¤·à¥à¤Ÿ à¤ªà¥‚à¤°à¥à¤µà¥€à¤ªà¥‡à¤•à¥à¤·à¤¾ à¤œà¤¾à¤¸à¥à¤¤ à¤šà¤¾à¤‚à¤—à¤²à¥€ à¤•à¤°à¤£à¥‡ à¤®à¥à¤¹à¤£à¤œà¥‡à¤š à¤œà¤¿à¤‚à¤•à¤£à¥‡ à¤¹à¥‹à¤¯.</strong>""",,
"99|""<strong>à¤¨à¤•à¤¾à¤°à¤¾à¤¤à¥à¤®à¤• à¤¦à¥ƒà¤·à¥à¤Ÿà¤¿à¤•à¥‹à¤¨ à¤¹à¤¾ à¤ªà¤‚à¤šà¤° à¤à¤¾à¤²à¥‡à¤²à¥à¤¯à¤¾ à¤Ÿà¤¾à¤¯à¤°à¤¾à¤¸à¤¾à¤°à¤–à¤¾ à¤…à¤¸à¤¤à¥‹<br/>",,
"à¤¤à¥à¤¯à¤¾à¤²à¤¾ à¤¬à¤¦à¤²à¤²à¥à¤¯à¤¾à¤¶à¤¿à¤µà¤¾à¤¯ à¤¤à¥à¤®à¥à¤¹à¥€ à¤ªà¥à¤¢à¥‡ à¤œà¤¾à¤Š à¤¶à¤•à¤¤ à¤¨à¤¾à¤¹à¥€.</strong>""",,
100|<strong>à¤†à¤¯à¥à¤·à¥à¤¯à¤¾à¤¤ à¤…à¤¶à¥à¤°à¥‚à¤‚à¤¶à¥€ à¤¸à¤‚à¤˜à¤°à¥à¤· à¤•à¥‡à¤²à¥à¤¯à¤¾à¤¨à¤‚à¤¤à¤° à¤šà¥‡à¤¹à¤±à¥à¤¯à¤¾à¤µà¤° à¤‰à¤®à¤Ÿà¤²à¥‡à¤²à¥à¤¯à¤¾ à¤¹à¤¾à¤¸à¥à¤¯à¤¾ à¤‡à¤¤à¤•à¥‡ à¤¸à¥à¤‚à¤¦à¤° à¤•à¤¾à¤¹à¥€à¤š à¤¨à¤¸à¤¤à¥‡.</strong>,,
101|<strong>à¤•à¤¿à¤¤à¥€à¤¹à¥€ à¤…à¤ªà¤¯à¤¶ à¤†à¤²à¥‡ à¤¤à¤°à¥€ à¤¹à¤¾à¤° à¤®à¤¾à¤¨à¤¾à¤¯à¤šà¥€ à¤¨à¤¾à¤¹à¥€ à¤•à¤¾à¤°à¤£ à¤•à¥à¤£à¥€à¤¹à¥€ à¤à¤•à¤¾ à¤ªà¥à¤°à¤¯à¤¤à¥à¤¨à¤¾à¤¤ à¤¯à¤¶à¤¸à¥à¤µà¥€ à¤¹à¥‹à¤¤ à¤¨à¤¾à¤¹à¥€.</strong>,,
102|<strong>à¤«à¤•à¥à¤¤ à¤à¤•à¤¦à¤¾ à¤¯à¤¶à¤¸à¥à¤µà¥€ à¤µà¥à¤¹à¤¾ à¤®à¤— à¤¬à¤˜à¤¾ à¤¤à¥à¤®à¤šà¤¾ à¤•à¥‰à¤² à¤¨à¤¾à¤¹à¥€ à¤‰à¤šà¤²à¤£à¤¾à¤°à¥‡ à¤¦à¤°à¤°à¥‹à¤œ à¤•à¥‰à¤² à¤•à¤°à¤¤à¥€à¤².</strong>,,
103|<strong><strong>à¤²à¥‹à¤• à¤¤à¥à¤®à¥à¤¹à¤¾à¤²à¤¾ à¤•à¤¸à¥‡ à¤¬à¤˜à¤¤à¤¾à¤¤ à¤¤à¥‡ à¤®à¤¹à¤¤à¥à¤¤à¥à¤µà¤¾à¤šà¤‚ à¤¨à¤¾à¤¹à¥€ à¤¤à¥à¤®à¥à¤¹à¥€ à¤¸à¥à¤µà¤¤à¤ƒà¤²à¤¾ à¤•à¤¸à¥‡ à¤¬à¤˜à¤¤à¤¾à¤¤ à¤¤à¥‡ à¤®à¤¹à¤¤à¥à¤¤à¥à¤µà¤¾à¤šà¤‚ à¤†à¤¹à¥‡.</strong></strong>,,
104|<strong>à¤²à¥‹à¤• à¤¤à¥à¤®à¥à¤¹à¤¾à¤²à¤¾ à¤•à¤¸à¥‡ à¤¬à¤˜à¤¤à¤¾à¤¤ à¤¤à¥‡ à¤®à¤¹à¤¤à¥à¤¤à¥à¤µà¤¾à¤šà¤‚ à¤¨à¤¾à¤¹à¥€ à¤¤à¥à¤®à¥à¤¹à¥€ à¤¸à¥à¤µà¤¤à¤ƒà¤²à¤¾ à¤•à¤¸à¥‡ à¤¬à¤˜à¤¤à¤¾à¤¤ à¤¤à¥‡ à¤®à¤¹à¤¤à¥à¤¤à¥à¤µà¤¾à¤šà¤‚ à¤†à¤¹à¥‡.</strong>,,
105|<strong>à¤†à¤§à¥€ à¤¸à¤¿à¤§à¥à¤¦ à¤µà¥à¤¹à¤¾, à¤®à¤— à¤†à¤ªà¥‹à¤†à¤ªà¤š à¤ªà¥à¤°à¤¸à¤¿à¤§à¥à¤¦ à¤µà¥à¤¹à¤¾à¤².</strong>,
106|<strong>à¤¬à¥à¤¦à¥à¤§à¤¿à¤¬à¤³à¤¾à¤šà¥à¤¯à¤¾ à¤–à¥‡à¤³à¤¾à¤®à¤§à¥à¤¯à¥‡ à¤ªà¥à¤¯à¤¾à¤¦à¤¾ à¤¹à¤³à¥‚à¤¹à¤³à¥‚ à¤ªà¥à¤¢à¥‡ à¤—à¥‡à¤²à¤¾ à¤•à¥€ à¤¤à¥‹à¤¹à¥€ à¤µà¤œà¥€à¤° à¤¬à¤¨à¤¤à¥‹.</strong>,,
"107|""<strong style=""""text-align: left;""""><span style=""""color: #ff0000;"""">à¤†à¤®à¤šà¥à¤¯à¤¾ à¤ªà¥‹à¤¸à¥à¤Ÿà¤šà¥à¤¯à¤¾ à¤…à¤ªà¤¡à¥‡à¤Ÿ à¤®à¤¿à¤³à¤µà¤£à¥à¤¯à¤¾à¤¸à¤¾à¤ à¥€ à¤«à¥‰à¤²à¥‹ à¤•à¤°à¤¾ :</span></strong>""",,
